column,max_bytes
contract_transaction_unique_key,50.0
contract_award_unique_key,54.0
award_id_piid,17.0
transaction_number,2.0
modification_number,6.0
action_type,61.0
action_type_code,1.0
federal_action_obligation,14.0
total_dollars_obligated,14.0
total_outlayed_amount_for_overall_award,13.0
current_total_value_of_award,15.0
potential_total_value_of_award,16.0
action_date,10.0
action_date_fiscal_year,4.0
period_of_performance_start_date,10.0
period_of_performance_current_end_date,10.0
solicitation_date,10.0
awarding_agency_code,3.0
awarding_agency_name,21.0
awarding_sub_agency_name,52.0
funding_agency_code,4.0
funding_agency_name,45.0
funding_sub_agency_name,59.0
recipient_uei,12.0
recipient_name,120.0
recipient_parent_uei,12.0
recipient_parent_name,120.0
recipient_state_code,8.0
veteran_owned_business,1.0
woman_owned_business,1.0
women_owned_small_business,1.0
minority_owned_business,1.0
small_disadvantaged_business,1.0
c8a_program_participant,1.0
historically_underutilized_business_zone_hubzone_firm,1.0
contracting_officers_determination_of_business_size,25.0
domestic_or_foreign_entity_code,1.0
domestic_or_foreign_entity,51.0
primary_place_of_performance_state_code,2.0
primary_place_of_performance_state_name,26.0
primary_place_of_performance_city_name,27.0
primary_place_of_performance_county_name,22.0
primary_place_of_performance_country_name,45.0
naics_code,6.0
naics_description,118.0
product_or_service_code,4.0
product_or_service_code_description,100.0
award_or_idv_flag,5.0
award_type_code,1.0
award_type,19.0
idv_type,3.0
parent_award_id_piid,21.0
parent_award_type,4.0
multiple_or_single_award_idv,14.0
type_of_idc,41.0
type_of_contract_pricing_code,1.0
type_of_contract_pricing,91.0
extent_competed,52.0
type_of_set_aside,65.0
other_than_full_and_open_competition,52.0
number_of_offers_received,3.0
last_modified_date,22.0
correction_delete_ind,
awarding_office_code,6.0
federal_accounts_funding_this_award,206.0
